adult,backdrop_path,genre_ids,id,original_language,original_title,overview,popularity,poster_path,release_date,title,video,vote_average,vote_count,revenue
False,/vL5LR6WdxWPjLPFRLe133jXWsh5.jpg,"[28, 12, 14, 878]",19995,en,Avatar,"In the 22nd century, a paraplegic Marine is dispatched to the moon Pandora on a unique mission, but becomes torn between following orders and protecting an alien civilization.",132.178,/vbtsge1cmZ3iMXV016pVqba1VD0.jpg,2009-12-15,Avatar,False,7.583,31602,2923706026
False,/7RyHsO4yDXtBv1zUU3mTpHeQ0d5.jpg,"[12, 878, 28]",299534,en,Avengers: Endgame,"After the devastating events of Avengers: Infinity War, the universe is in ruins due to the efforts of the Mad Titan, Thanos. With the help of remaining allies, the Avengers must assemble once more in order to undo Thanos' actions and restore order to the universe once and for all, no matter what consequences may be in store.",107.328,/bR8ISy1O9XQxqiy0fQFw2BX72RQ.jpg,2019-04-24,Avengers: Endgame,False,8.247,25730,2799439100
False,/8rpDcsfLJypbO6vREc0547VKqEv.jpg,"[878, 12, 28]",76600,en,Avatar: The Way of Water,"Set more than a decade after the events of the first film, learn the story of the Sully family (Jake, Neytiri, and their kids), the trouble that follows them, the lengths they go to keep each other safe, the battles they fight to stay alive, and the tragedies they endure.",164.577,/t6HIqrRAclMCA60NsSmeqe9RmNV.jpg,2022-12-14,Avatar: The Way of Water,False,7.618,12005,2320250281
False,/sCzcYW9h55WcesOqA12cgEr9Exw.jpg,"[18, 10749]",597,en,Titanic,"101-year-old Rose DeWitt Bukater tells the story of her life aboard the Titanic, 84 years later. A young Rose boards the ship with her mother and fiancé. Meanwhile, Jack Dawson and Fabrizio De Rossi win third-class tickets aboard the ship. Rose tells the whole story from Titanic's departure through to its death—on its first and last voyage—on April 15, 1912.",174.25,/9xjZS2rlVxm8SFx8kPC3aIGCOYQ.jpg,1997-11-18,Titanic,False,7.907,25420,2264162353
False,/k6EOrckWFuz7I4z4wiRwz8zsj4H.jpg,"[12, 28, 878]",140607,en,Star Wars: The Force Awakens,"Thirty years after defeating the Galactic Empire, Han Solo and his allies face a new threat from the evil Kylo Ren and his army of Stormtroopers.",79.591,/wqnLdwVXoBjKibFRR5U3y0aDUhs.jpg,2015-12-15,Star Wars: The Force Awakens,False,7.3,19377,2068223624
False,/mDfJG3LC3Dqb67AZ52x3Z0jU0uB.jpg,"[12, 28, 878]",299536,en,Avengers: Infinity War,"As the Avengers and their allies have continued to protect the world from threats too large for any one hero to handle, a new danger has emerged from the cosmic shadows: Thanos. A despot of intergalactic infamy, his goal is to collect all six Infinity Stones, artifacts of unimaginable power, and use them to inflict his twisted will on all of reality. Everything the Avengers have fought for has led up to this moment - the fate of Earth and existence itself has never been more uncertain.",187.2,/7WsyChQLEftFiDOVTGkv3hFpyyt.jpg,2018-04-25,Avengers: Infinity War,False,8.242,29861,2052415039
False,/zD5v1E4joAzFvmAEytt7fM3ivyT.jpg,"[28, 12, 878]",634649,en,Spider-Man: No Way Home,"Peter Parker is unmasked and no longer able to separate his normal life from the high-stakes of being a super-hero. When he asks for help from Doctor Strange the stakes become even more dangerous, forcing him to discover what it truly means to be Spider-Man.",201.637,/uJYYizSuA9Y3DCs0qS4qWvHfZg4.jpg,2021-12-15,Spider-Man: No Way Home,False,7.955,20235,1921847111
False,/p5ozvmdgsmbWe0H8Xk7Rc8SCwAB.jpg,"[16, 12, 35, 18, 10751]",1022789,en,Inside Out 2,"Teenager Riley's mind headquarters is undergoing a sudden demolition to make room for something entirely unexpected: new Emotions! Joy, Sadness, Anger, Fear and Disgust, who’ve long been running a successful operation by all accounts, aren’t sure how to feel when Anxiety shows up. And it looks like she’s not alone.",626.213,/vpnVM9B6NMmQpWeZvzLvDESb2QY.jpg,2024-06-11,Inside Out 2,False,7.568,5046,1698641117
False,/aIGIYJTyOkEVUmEd3z5x6diYsFx.jpg,"[28, 12, 878, 53]",135397,en,Jurassic World,"Twenty-two years after the events of Jurassic Park, Isla Nublar now features a fully functioning dinosaur theme park, Jurassic World, as originally envisioned by John Hammond.",78.707,/A0LZHXUzo5C60Oahvt7VxvwuzHw.jpg,2015-06-06,Jurassic World,False,6.691,20340,1671537444
False,/1TUg5pO1VZ4B0Q1amk3OlXvlpXV.jpg,"[12, 18, 10751, 16]",420818,en,The Lion King,"Simba idolizes his father, King Mufasa, and takes to heart his own royal destiny. But not everyone in the kingdom celebrates the new cub's arrival. Scar, Mufasa's brother—and former heir to the throne—has plans of his own. The battle for Pride Rock is ravaged with betrayal, tragedy and drama, ultimately resulting in Simba's exile. With help from a curious pair of newfound friends, Simba will have to figure out how to grow up and take back what is rightfully his.",394.217,/dzBtMocZuJbjLOXvrl4zGYigDzh.jpg,2019-07-12,The Lion King,False,7.1,10016,1662020819
False,/9BBTo63ANSmhC4e6r62OJFuK2GL.jpg,"[878, 28, 12]",24428,en,The Avengers,"When an unexpected enemy emerges and threatens global safety and security, Nick Fury, director of the international peacekeeping agency known as S.H.I.E.L.D., finds himself in need of a team to pull the world back from the brink of disaster. Spanning the globe, a daring recruitment effort begins!",128.805,/RYMX2wcKCBAr24UyPD7xwmjaTn.jpg,2012-04-25,The Avengers,False,7.724,30886,1518815515
False,/cHkhb5A4gQRK6zs6Pv7zorHs8Nk.jpg,"[28, 53, 80]",168259,en,Furious 7,Deckard Shaw seeks revenge against Dominic Toretto and his family for his comatose brother.,89.468,/wurKlC3VKUgcfsn0K51MJYEleS2.jpg,2015-04-01,Furious 7,False,7.232,10616,1515400000
False,/AaV1YIdWKnjAIAOe8UUKBFm327v.jpg,"[28, 18]",361743,en,Top Gun: Maverick,"After more than thirty years of service as one of the Navy’s top aviators, and dodging the advancement in rank that would ground him, Pete “Maverick” Mitchell finds himself training a detachment of TOP GUN graduates for a specialized mission the likes of which no living pilot has ever seen.",206.552,/62HCnUTziyWcpDaBO2i1DX17ljH.jpg,2022-05-21,Top Gun: Maverick,False,8.195,9298,1488732821
False,/xJWPZIYOEFIjZpBL7SVBGnzRYXp.jpg,"[10751, 16, 12, 35, 14]",330457,en,Frozen II,"Elsa, Anna, Kristoff and Olaf head far into the forest to learn the truth about an ancient mystery of their kingdom.",131.881,/mINJaa34MtknCYl5AjtNJzWj8cD.jpg,2019-11-20,Frozen II,False,7.3,9726,1453683476
False,/mbYTRO33LJAgpCMrIn9ibiWHbMH.jpg,"[35, 12]",346698,en,Barbie,"Barbie and Ken are having the time of their lives in the colorful and seemingly perfect world of Barbie Land. However, when they get a chance to go to the real world, they soon discover the joys and perils of living among humans.",166.446,/iuFNMS8U5cb6xfzi51Dbkovj7vM.jpg,2023-07-19,Barbie,False,6.999,9257,1445638421
False,/6YwkGolwdOMNpbTOmLjoehlVWs5.jpg,"[28, 12, 878]",99861,en,Avengers: Age of Ultron,"When Tony Stark tries to jumpstart a dormant peacekeeping program, things go awry and Earth’s Mightiest Heroes are put to the ultimate test as the fate of the planet hangs in the balance. As the villainous Ultron emerges, it is up to The Avengers to stop him from enacting his terrible plans, and soon uneasy alliances and unexpected action pave the way for an epic and unique global adventure.",82.377,/4ssDuvEDkSArWEdyBl2X5EHvYKU.jpg,2015-04-22,Avengers: Age of Ultron,False,7.274,23011,1405403694
False,/cFBreBMAuE578QOFwSGHQpnH9En.jpg,"[16, 10751, 12, 14, 35]",502356,en,The Super Mario Bros. Movie,"While working underground to fix a water main, Brooklyn plumbers—and brothers—Mario and Luigi are transported down a mysterious pipe and wander into a magical new world. But when the brothers are separated, Mario embarks on an epic quest to find Luigi.",162.832,/qNBAXBIQlnOThrVvA6mA2B5ggV6.jpg,2023-04-05,The Super Mario Bros. Movie,False,7.642,9231,1362000000
False,/b6ZJZHUdMEFECvGiDpJjlfUWela.jpg,"[28, 12, 878]",284054,en,Black Panther,"King T'Challa returns home to the reclusive, technologically advanced African nation of Wakanda to serve as his country's new leader. However, T'Challa soon finds that he is challenged for the throne by factions within his own country as well as without. Using powers reserved to Wakandan kings, T'Challa assumes the Black Panther mantle to join with ex-girlfriend Nakia, the queen-mother, his princess-kid sister, members of the Dora Milaje (the Wakandan 'special forces') and an American secret agent, to prevent Wakanda from being dragged into a world war.",80.472,/uxzzxijgPIY7slzFvMotPv8wjKA.jpg,2018-02-13,Black Panther,False,7.38,22202,1349926083
False,/n5A7brJCjejceZmHyujwUTVgQNC.jpg,"[14, 12]",12445,en,Harry Potter and the Deathly Hallows: Part 2,"Harry, Ron and Hermione continue their quest to vanquish the evil Voldemort once and for all. Just as things begin to look hopeless for the young wizards, Harry discovers a trio of magical objects that endow him with powers to rival Voldemort's formidable skills.",153.555,/c54HpQmuwXjHq2C9wmoACjxoom3.jpg,2011-07-12,Harry Potter and the Deathly Hallows: Part 2,False,8.1,20587,1341511219
False,/by8z9Fe8y7p4jo2YlW2SZDnptyT.jpg,"[28, 35, 878]",533535,en,Deadpool & Wolverine,"A listless Wade Wilson toils away in civilian life with his days as the morally flexible mercenary, Deadpool, behind him. But when his homeworld faces an existential threat, Wade must reluctantly suit-up again with an even more reluctant Wolverine.",755.195,/8cdWjvZQUExUUTzyp4t6EDMubfO.jpg,2024-07-24,Deadpool & Wolverine,False,7.7,6011,1338073382
False,/5Iw7zQTHVRBOYpA0V6z0yypOPZh.jpg,"[12, 28, 878]",181808,en,Star Wars: The Last Jedi,"Rey develops her newly discovered abilities with the guidance of Luke Skywalker, who is unsettled by the strength of her powers. Meanwhile, the Resistance prepares to do battle with the First Order.",71.116,/ySaaKHOLAQU5HoZqWmzDIj1VvZ1.jpg,2017-12-13,Star Wars: The Last Jedi,False,6.8,15293,1332698830
False,/6WA9stUMbIkEPxn3D5SWlA8FIi7.jpg,"[28, 12, 878, 53]",351286,en,Jurassic World: Fallen Kingdom,"Three years after Jurassic World was destroyed, Isla Nublar now sits abandoned. When the island's dormant volcano begins roaring to life, Owen and Claire mount a campaign to rescue the remaining dinosaurs from this extinction-level event.",153.391,/2CQ53CuWD1KdlOkEWhJcEVjqKn4.jpg,2018-06-06,Jurassic World: Fallen Kingdom,False,6.542,11786,1310466296
False,/u2bZhH3nTf0So0UIC1QxAqBvC07.jpg,"[16, 10751, 12, 14]",109445,en,Frozen,"Young princess Anna of Arendelle dreams about finding true love at her sister Elsa’s coronation. Fate takes her on a dangerous journey in an attempt to end the eternal winter that has fallen over the kingdom. She's accompanied by ice delivery man Kristoff, his reindeer Sven, and snowman Olaf. On an adventure where she will find out what friendship, courage, family, and true love really means.",161.112,/mmWheq3cFI4tYrZDiATOkCNTqgK.jpg,2013-11-20,Frozen,False,7.2,16533,1274219009
False,/uU1Mt4JWhDvl4vKb3AfxNsorkoM.jpg,"[10751, 14, 10749]",321612,en,Beauty and the Beast,A live-action adaptation of Disney's version of the classic tale of a cursed prince and a beautiful young woman who helps him break the spell.,96.144,/6iIc0vHXV5ir3DBncUnlhZFJUe3.jpg,2017-03-16,Beauty and the Beast,False,7.0,15430,1266115964
False,/mabuNsGJgRuCTuGqjFkWe1xdu19.jpg,"[28, 12, 16, 10751]",260513,en,Incredibles 2,"Elastigirl springs into action to save the day, while Mr. Incredible faces his greatest challenge yet – taking care of the problems of his three children.",58.111,/9lFKBtaVIhP7E2Pk0IY1CwTKTMZ.jpg,2018-06-14,Incredibles 2,False,7.462,12859,1242805359
False,/awuUwOAGCPqC4mIDQmeKdPiiLR5.jpg,"[28, 80, 53]",337339,en,The Fate of the Furious,"When a mysterious woman seduces Dom into the world of crime and a betrayal of those closest to him, the crew face trials that will test them as never before.",75.193,/dImWM7GJqryWJO9LHa3XQ8DD5NH.jpg,2017-04-12,The Fate of the Furious,False,6.9,10266,1236000000
False,/iVped1djsF0tvGkvnHbzsE3ZPTF.jpg,"[28, 12, 878]",68721,en,Iron Man 3,"When Tony Stark's world is torn apart by a formidable terrorist called the Mandarin, he starts an odyssey of rebuilding and retribution.",67.817,/qhPtAc1TKbMPqNvcdXSOn9Bn7hZ.jpg,2013-04-18,Iron Man 3,False,6.93,22183,1215577205
False,/c7xTZ9EA6GpH72xJC5s0x0KKR1a.jpg,"[10751, 16, 12, 35]",211672,en,Minions,"Minions Stuart, Kevin and Bob are recruited by Scarlet Overkill, a super-villain who, alongside her inventor husband Herb, hatches a plot to take over the world.",30.073,/dr02BdCNAUPVU07aOodwPYv6HCf.jpg,2015-06-17,Minions,False,6.4,10539,1159457503
False,/wdwcOBMkt3zmPQuEMxB3FUtMio2.jpg,"[12, 28, 878]",271110,en,Captain America: Civil War,"Following the events of Age of Ultron, the collective governments of the world pass an act designed to regulate all superhuman activity. This polarizes opinion amongst the Avengers, causing two factions to side with Iron Man or Captain America, which causes an epic battle between former allies.",83.181,/rAGiXaUfPzY7CDEyNKUofk3Kw2e.jpg,2016-04-27,Captain America: Civil War,False,7.445,22705,1155046416
False,/skauHPLA4so9PqOuu3jhWmiWnFd.jpg,"[28, 12, 14]",297802,en,Aquaman,"Half-human, half-Atlantean Arthur Curry is taken on the journey of his lifetime to discover if he is worth of being a king.",46.566,/ufl63EFcc5XpByEV2Ecdw6WJZAI.jpg,2018-12-07,Aquaman,False,6.9,14058,1152028393
False,/34jW8LvjRplM8Pv06cBFDpLlenR.jpg,"[28, 12, 878]",429617,en,Spider-Man: Far From Home,"Peter Parker and his friends go on a summer trip to Europe. However, they will hardly be able to rest - Peter will have to agree to help Nick Fury uncover the mystery of creatures that cause natural disasters and destruction throughout the continent.",89.193,/4q2NNj4S5dG2RLF9CpXsej7yXl.jpg,2019-06-28,Spider-Man: Far From Home,False,7.4,15720,1131927996
False,/qAzYK4YPSWDc7aa4R43LcwRIAyb.jpg,"[28, 12, 878]",299537,en,Captain Marvel,"The story follows Carol Danvers as she becomes one of the universe’s most powerful heroes when Earth is caught in the middle of a galactic war between two alien races. Set in the 1990s, Captain Marvel is an all-new adventure from a previously unseen period in the history of the Marvel Cinematic Universe.",54.243,/2D4lUKyn64Srs8QvVk0vv6KjvMG.jpg,2019-03-06,Captain Marvel,False,6.813,15713,1131416446
False,/cKNNFPZ2bOLoN2G1LmfhxNmjhj9.jpg,"[28, 878, 12]",38356,en,Transformers: Dark of the Moon,"The Autobots continue to work for NEST, now no longer in secret. But after discovering a strange artifact during a mission in Chernobyl, it becomes apparent to Optimus Prime that the United States government has been less than forthright with them.",21.467,/28YlCLrFhONteYSs9hKjD1Km0Cj.jpg,2011-06-28,Transformers: Dark of the Moon,False,6.2,8303,1123794079
False,/5JrZAtyk3LwiiAWLW0kwz41XZJC.jpg,"[12, 14, 28]",122,en,The Lord of the Rings: The Return of the King,"As armies mass for a final battle that will decide the fate of the world--and powerful, ancient forces of Light and Dark compete to determine the outcome--one member of the Fellowship of the Ring is revealed as the noble heir to the throne of the Kings of Men. Yet, the sole hope for triumph over evil lies with a brave hobbit, Frodo, who, accompanied by his loyal friend Sam and the hideous, wretched Gollum, ventures deep into the very dark heart of Mordor on his seemingly impossible quest to destroy the Ring of Power.​",121.398,/rCzpDGLbOoPwLjy3OAm5NUPOTrC.jpg,2003-12-17,The Lord of the Rings: The Return of the King,False,8.483,24335,1118888979
False,/mgcbG1w3lgj9lajGBXVUjLQti8P.jpg,"[28, 12, 53]",37724,en,Skyfall,"When Bond's latest assignment goes gravely wrong, agents around the world are exposed and MI6 headquarters is attacked. While M faces challenges to her authority and position from Gareth Mallory, the new Chairman of the Intelligence and Security Committee, it's up to Bond, aided only by field agent Eve, to locate the mastermind behind the attack.",45.048,/d0IVecFQvsGdSbnMAHqiYsNYaJT.jpg,2012-10-24,Skyfall,False,7.2,15178,1108594176
False,/wxr4Z6E83h14CogsZOzDm1vuDX3.jpg,"[878, 28, 12]",91314,en,Transformers: Age of Extinction,"As humanity picks up the pieces after the battle of Chicago, a shadowy group reveals itself in an attempt to control the direction of history…while an ancient, powerful new menace sets Earth in its crosshairs. With help from Cade Yeager, Optimus Prime and the Autobots rise to meet their most fearsome challenge yet.",96.708,/jyzrfx2WaeY60kYZpPYepSjGz4S.jpg,2014-06-25,Transformers: Age of Extinction,False,5.9,8146,1104054072
False,/y2DB71C4nyIdMrANijz8mzvQtk6.jpg,"[28, 80, 18, 53]",49026,en,The Dark Knight Rises,"Following the death of District Attorney Harvey Dent, Batman assumes responsibility for Dent's crimes to protect the late attorney's reputation and is subsequently hunted by the Gotham City Police Department. Eight years later, Batman encounters the mysterious Selina Kyle and the villainous Bane, a new terrorist leader who overwhelms Gotham's finest. The Dark Knight resurfaces to protect a city that has branded him an enemy.",83.736,/hr0L2aueqlP2BYUblTTjmtn0hw4.jpg,2012-07-17,The Dark Knight Rises,False,7.783,22770,1081041287
False,/gZWl93sf8AxavYpVT1Un6EF3oCj.jpg,"[80, 53, 18]",475557,en,Joker,"During the 1980s, a failed stand-up comedian is driven insane and turns to a life of crime and chaos in Gotham City while becoming an infamous psychopathic crime figure.",125.575,/udDclJoHjfjb8Ekgsd4FDteOkCU.jpg,2019-10-01,Joker,False,8.144,25847,1078958629
False,/auJKGst3vXpJozHZh4nMFs0xWIU.jpg,"[12, 28, 878]",181812,en,Star Wars: The Rise of Skywalker,"The surviving Resistance faces the First Order once again as the journey of Rey, Finn and Poe Dameron continues. With the power and knowledge of generations behind them, the final battle begins.",68.933,/db32LaOibwEliAmSL2jjDF6oDdj.jpg,2019-12-18,Star Wars: The Rise of Skywalker,False,6.3,9918,1074144248
False,/q62bpQ67qaXY0u6b2wFEnQYIbPd.jpg,"[10751, 12, 16, 35, 14]",301528,en,Toy Story 4,"Woody has always been confident about his place in the world and that his priority is taking care of his kid, whether that's Andy or Bonnie. But when Bonnie adds a reluctant new toy called ""Forky"" to her room, a road trip adventure alongside old and new friends will show Woody how big the world can be for a toy.",71.526,/w9kR8qbmQ01HwnvK4alvnQ2ca0L.jpg,2019-06-19,Toy Story 4,False,7.487,9776,1073841394
False,/wE5JGzujfvDPMIfFjJyrhXFjZLc.jpg,"[16, 10751, 35]",10193,en,Toy Story 3,"Woody, Buzz, and the rest of Andy's toys haven't been played with in years. With Andy about to go to college, the gang find themselves accidentally left at a nefarious day care center. The toys must band together to escape and return home to Andy.",111.983,/AbbXspMOwdvwWZgVN0nabZq03Ec.jpg,2010-06-16,Toy Story 3,False,7.8,14684,1067316101
False,/8zfRLCgKrLAc5SSnACz8ZqmeKAP.jpg,"[12, 14, 28]",58,en,Pirates of the Caribbean: Dead Man's Chest,Captain Jack Sparrow works his way out of a blood debt with the ghostly Davy Jones to avoid eternal damnation.,114.085,/uXEqmloGyP7UXAiphJUu2v2pcuE.jpg,2006-07-06,Pirates of the Caribbean: Dead Man's Chest,False,7.364,15963,1065700000
False,/6t8ES1d12OzWyCGxBeDYLHoaDrT.jpg,"[28, 12, 878]",330459,en,Rogue One: A Star Wars Story,A rogue band of resistance fighters unite for a mission to steal the Death Star plans and bring a new hope to the galaxy.,37.016,/i0yw1mFbB7sNGHCs7EXZPzFkdA1.jpg,2016-12-14,Rogue One: A Star Wars Story,False,7.494,15251,1056057273
False,/rVqY0Bo4Npf6EIONUROxjYAJfmD.jpg,"[12, 14, 10749, 10751]",420817,en,Aladdin,A kindhearted street urchin named Aladdin embarks on a magical adventure after finding a lamp that releases a wisecracking genie while a power-hungry Grand Vizier vies for the same lamp that has the power to make their deepest wishes come true.,45.968,/ykUEbfpkf8d0w49pHh0AD2KrT52.jpg,2019-05-22,Aladdin,False,7.1,10030,1054300000
False,/uzIGtyS6bbnJzGsPL93WCF1FWm8.jpg,"[12, 28, 14]",1865,en,Pirates of the Caribbean: On Stranger Tides,"Captain Jack Sparrow crosses paths with a woman from his past, and he's not sure if it's love -- or if she's a ruthless con artist who's using him to find the fabled Fountain of Youth. When she forces him aboard the Queen Anne's Revenge, the ship of the formidable pirate Blackbeard, Jack finds himself on an unexpected adventure in which he doesn't know who to fear more: Blackbeard or the woman from his past.",95.841,/keGfSvCmYj7CvdRx36OdVrAEibE.jpg,2011-05-15,Pirates of the Caribbean: On Stranger Tides,False,6.555,14003,1045700000
False,/ftRkFtAGuHngHnLiOxktq0aCVMF.jpg,"[28, 16, 35, 10751, 12]",324852,en,Despicable Me 3,Gru and his wife Lucy must stop former '80s child star Balthazar Bratt from achieving world domination.,42.876,/6t3YWl7hrr88lCEFlGVqW5yV99R.jpg,2017-06-15,Despicable Me 3,False,6.5,7157,1034800131
False,/wijltj1toRcicHlCn8Cpsp4yPXe.jpg,"[12, 16, 35, 10751]",127380,en,Finding Dory,Dory is reunited with her friends Nemo and Marlin in the search for answers about her past. What can she remember? Who are her parents? And where did she learn to speak Whale?,37.228,/3UVe8NL1E2ZdUZ9EDlKGJY5UzE.jpg,2016-06-16,Finding Dory,False,7.0,12029,1028600000
False,/4U9hkIXymZugDWfixlR7dh57g2G.jpg,"[10751, 14, 12]",12155,en,Alice in Wonderland,"Alice, now 19 years old, returns to the whimsical world she first entered as a child and embarks on a journey to discover her true destiny.",89.471,/o0kre9wRCZz3jjSjaru7QU0UtFz.jpg,2010-03-03,Alice in Wonderland,False,6.639,13961,1025467110
False,/9tOkjBEiiGcaClgJFtwocStZvIT.jpg,"[16, 12, 10751, 35]",269149,en,Zootopia,"Determined to prove herself, Officer Judy Hopps, the first bunny on Zootopia's police force, jumps at the chance to crack her first case - even if it means partnering with scam-artist fox Nick Wilde to solve the mystery.",111.785,/hlK0e0wAQ3VLuJcsfIYPvb4JVud.jpg,2016-02-11,Zootopia,False,7.8,16345,1023784195
False,/xyXmtuvsoM5J3yNad0nvcetpBdY.jpg,"[12, 14, 28]",49051,en,The Hobbit: An Unexpected Journey,"Bilbo Baggins, a hobbit enjoying his quiet life, is swept into an epic quest by Gandalf the Grey and thirteen dwarves who seek to reclaim their mountain home from Smaug, the dragon.",99.07,/yHA9Fc37VmpUA5UncTxxo3rTGVA.jpg,2012-12-12,The Hobbit: An Unexpected Journey,False,7.357,18411,1021103568
False,,"[27, 53]",1399106,en,The Mason Witch Returns,"Some things were never meant to be studied.  Sixty years after the original plot, the Mason Witch has been awoken once more. University friends Josh, Addison, Ashley & Corinne are forced to live through their nightmares in the blockbuster of the year. Hailed by critics for its faith to form, gripping storytelling and innovative editing - The Mason Witch Returns seems poised for success, with fans hoping for the continuation of the Mason Witch franchise for years to come.",0.055,/fr9FYSKWsw6CtY76GIB7inPIn65.jpg,,The Mason Witch Returns,False,10.0,1,1016000000
False,/oOv2oUXcAaNXakRqUPxYq5lJURz.jpg,"[18, 28, 80, 53]",155,en,The Dark Knight,"Batman raises the stakes in his war on crime. With the help of Lt. Jim Gordon and District Attorney Harvey Dent, Batman sets out to dismantle the remaining criminal organizations that plague the streets. The partnership proves to be effective, but they soon find themselves prey to a reign of chaos unleashed by a rising criminal mastermind known to the terrified citizens of Gotham as the Joker.",178.405,/qJ2tW6WMUDux911r6m7haRef0WH.jpg,2008-07-16,The Dark Knight,False,8.517,33046,1004558444
False,/698FjyzLdpgXmUSr63LaRwblTmx.jpg,"[12, 28, 878]",507086,en,Jurassic World Dominion,"Four years after Isla Nublar was destroyed, dinosaurs now live—and hunt—alongside humans all over the world. This fragile balance will reshape the future and determine, once and for all, whether human beings are to remain the apex predators on a planet they now share with history's most fearsome creatures.",105.838,/jbAvCACjLf1ZG0unB2tdmx5HAf1.jpg,2022-06-01,Jurassic World Dominion,False,6.7,6115,1001978080
False,/zZKmEmRDc7ZjFucPm2UGNgDRlDc.jpg,"[12, 35, 14]",353486,en,Jumanji: Welcome to the Jungle,"Four teenagers in detention discover an old video game console with a game they’ve never heard of. When they decide to play, they are immediately sucked into the jungle world of Jumanji in the bodies of their avatars. They’ll have to complete the adventure of their lives filled with fun, thrills and danger or be stuck in the game forever!",57.375,/pSgXKPU5h6U89ipF7HBYajvYt7j.jpg,2017-12-09,Jumanji: Welcome to the Jungle,False,6.8,13599,995339117
False,/5jkE2SzR5uR2egEb1rRhF22JyWN.jpg,"[12, 14]",671,en,Harry Potter and the Philosopher's Stone,"Harry Potter has lived under the stairs at his aunt and uncle's house his whole life. But on his 11th birthday, he learns he's a powerful wizard—with a place waiting for him at the Hogwarts School of Witchcraft and Wizardry. As he learns to harness his newfound powers with the help of the school's kindly headmaster, Harry uncovers the truth about his parents' deaths—and about the villain who's to blame.",246.834,/wuMc08IPKEatf9rnMNXvIDxqP4W.jpg,2001-11-16,Harry Potter and the Philosopher's Stone,False,7.907,27538,976475550
False,/fOipappvgVtUbbHOtmCkHzcwJjC.jpg,"[16, 35, 10751]",93456,en,Despicable Me 2,Gru is recruited by the Anti-Villain League to help deal with a powerful new super criminal.,69.935,/oyMPJJZoOpLHgJoFPUOn6DgkbWJ.jpg,2013-06-26,Despicable Me 2,False,6.931,11255,970766005
False,/lgkPzcOSnTvjeMnuFzozRO5HHw1.jpg,"[16, 10751, 35, 878]",519182,en,Despicable Me 4,"Gru and Lucy and their girls—Margo, Edith and Agnes—welcome a new member to the Gru family, Gru Jr., who is intent on tormenting his dad. Gru also faces a new nemesis in Maxime Le Mal and his femme fatale girlfriend Valentina, forcing the family to go on the run.",606.816,/i4loA3szFY4NahII8crVY4YEH5j.jpg,2024-06-20,Despicable Me 4,False,7.084,2320,969264325
False,/8oYykF1Qhrb8fC2qZqD71EzRywg.jpg,"[10751, 12, 18, 14]",278927,en,The Jungle Book,"A man-cub named Mowgli fostered by wolves. After a threat from the tiger Shere Khan, Mowgli is forced to flee the jungle, by which he embarks on a journey of self discovery with the help of the panther, Bagheera and the free-spirited bear, Baloo.",59.104,/2Epx7F9X7DrFptn4seqn4mzBVks.jpg,2016-04-07,The Jungle Book,False,6.866,8026,966550600
False,/qvzVWohbdcrnaD9qaa6IjrjXHMZ.jpg,"[12, 14, 28]",285,en,Pirates of the Caribbean: At World's End,"Will Turner and Elizabeth Swann join forces with the revived Captain Barbossa to free Jack Sparrow from Davy Jones' locker. The group must navigate dangerous waters, confront many foes and, ultimately, choose sides in a battle wherein piracy itself hangs in the balance.",92.156,/jGWpG4YhpQwVmjyHEGkxEkeRf0S.jpg,2007-05-19,Pirates of the Caribbean: At World's End,False,7.258,14346,961000000
False,/npCPnwDyWfQltGfIZKN6WqeUXGI.jpg,"[14, 12, 28]",57158,en,The Hobbit: The Desolation of Smaug,"The Dwarves, Bilbo and Gandalf have successfully escaped the Misty Mountains, and Bilbo has gained the One Ring. They all continue their journey to get their gold back from the Dragon, Smaug.",68.223,/xQYiXsheRCDBA39DOrmaw1aSpbk.jpg,2013-12-11,The Hobbit: The Desolation of Smaug,False,7.575,13163,958400000
False,/zn13a7U9eMTJq8sHthe3bCgsVm4.jpg,"[28, 12, 14]",122917,en,The Hobbit: The Battle of the Five Armies,"Immediately after the events of The Desolation of Smaug, Bilbo and the dwarves try to defend Erebor's mountain of treasure from others who claim it: the men of the ruined Laketown and the elves of Mirkwood. Meanwhile an army of Orcs led by Azog the Defiler is marching on Erebor, fueled by the rise of the dark lord Sauron. Dwarves, elves and men must unite, and the hope for Middle-Earth falls into Bilbo's hands.",136.436,/xT98tLqatZPQApyRmlPL12LtiWp.jpg,2014-12-10,The Hobbit: The Battle of the Five Armies,False,7.3,14277,956019788
False,/iKUwhA4DUxMcNKu5lLSbDFwwilk.jpg,"[14, 28, 12]",453395,en,Doctor Strange in the Multiverse of Madness,"Doctor Strange, with the help of mystical allies both old and new, traverses the mind-bending and dangerous alternate realities of the Multiverse to confront a mysterious new adversary.",91.157,/ddJcSKbcp4rKZTmuyWaMhuwcfMz.jpg,2022-05-04,Doctor Strange in the Multiverse of Madness,False,7.3,9203,955775804
False,/AqLcLsGGTzAjm3pCCq0CZCQrp6m.jpg,"[12, 14]",12444,en,Harry Potter and the Deathly Hallows: Part 1,"Harry, Ron and Hermione walk away from their last year at Hogwarts to find and destroy the remaining Horcruxes, putting an end to Voldemort's bid for immortality. But with Harry's beloved Dumbledore dead and Voldemort's unscrupulous Death Eaters on the loose, the world is more dangerous than ever.",173.628,/iGoXIpQb7Pot00EEdwpwPajheZ5.jpg,2010-11-17,Harry Potter and the Deathly Hallows: Part 1,False,7.747,19079,954305868
False,/h0TuquPlfxqe4sJSy7sUlEzaAsL.jpg,"[18, 36]",872585,en,Oppenheimer,The story of J. Robert Oppenheimer's role in the development of the atomic bomb during World War II.,137.562,/8Gxv8gSFCU0XGDykEGv7zR1n2ua.jpg,2023-07-19,Oppenheimer,False,8.08,9429,952000000
False,/eCynaAOgYYiw5yN5lBwz3IxqvaW.jpg,"[16, 10751]",12,en,Finding Nemo,"Nemo, an adventurous young clownfish, is unexpectedly taken from his Great Barrier Reef home to a dentist's office aquarium. It's up to his worrisome father Marlin and a friendly but forgetful fish Dory to bring Nemo home -- meeting vegetarian sharks, surfer dude turtles, hypnotic jellyfish, hungry seagulls, and more along the way.",107.532,/eHuGQ10FUzK1mdOY69wF5pGgEf5.jpg,2003-05-30,Finding Nemo,False,7.82,19282,940335536
False,/uMSxXLfH7v30gRNBqsQaSP3yqX5.jpg,"[16, 35, 10751, 12]",438148,en,Minions: The Rise of Gru,"A fanboy of a supervillain supergroup known as the Vicious 6, Gru hatches a plan to become evil enough to join them, with the backup of his followers, the Minions.",92.879,/wKiOkZTN9lUUUNZLmtnwubZYONg.jpg,2022-06-29,Minions: The Rise of Gru,False,7.3,3621,940203765
False,/82a7AGF081PzFfoM8GAVGMvZNYK.jpg,"[12, 14]",675,en,Harry Potter and the Order of the Phoenix,"Returning for his fifth year of study at Hogwarts, Harry is stunned to find that his warnings about the return of Lord Voldemort have been ignored. Left with no choice, Harry takes matters into his own hands, training a small group of students to defend themselves against the dark arts.",139.054,/5aOyriWkPec0zUDxmHFP9qMmBaj.jpg,2007-07-08,Harry Potter and the Order of the Phoenix,False,7.677,19478,938212738
False,/l45UqyARB3WxpYNuACjMjndpe85.jpg,"[16, 10751, 35, 14, 12]",809,en,Shrek 2,"Shrek, Fiona, and Donkey set off to Far, Far Away to meet Fiona's mother and father, the Queen and King. But not everyone is happily ever after. Shrek and the King find it difficult to get along, and there's tension in the marriage. The Fairy Godmother discovers that Fiona has married Shrek instead of her son Prince Charming and plots to destroy their marriage.",123.797,/2yYP0PQjG8zVqturh1BAqu2Tixl.jpg,2004-05-19,Shrek 2,False,7.3,12325,935454538
False,/ze6Mx4QE5mQVXRYmG2flncqqle4.jpg,"[12, 14]",767,en,Harry Potter and the Half-Blood Prince,"As Lord Voldemort tightens his grip on both the Muggle and wizarding worlds, Hogwarts is no longer a safe haven. Harry suspects perils may even lie within the castle, but Dumbledore is more intent upon preparing him for the final battle fast approaching. Together they work to find the key to unlock Voldemorts defenses and to this end, Dumbledore recruits his old friend and colleague Horace Slughorn, whom he believes holds crucial information. Even as the decisive showdown looms, romance blossoms for Harry, Ron, Hermione and their classmates. Love is in the air, but danger lies ahead and Hogwarts may never be the same again.",143.054,/z7uo9zmQdQwU5ZJHFpv2Upl30i1.jpg,2009-07-15,Harry Potter and the Half-Blood Prince,False,7.688,19462,933959197
False,/6G73mNyooWAEQTpckPSnFxFoNmc.jpg,"[12, 14, 28]",121,en,The Lord of the Rings: The Two Towers,"Frodo Baggins and the other members of the Fellowship continue on their sacred quest to destroy the One Ring--but on separate paths. Their destinies lie at two towers--Orthanc Tower in Isengard, where the corrupt wizard Saruman awaits, and Sauron's fortress at Barad-dur, deep within the dark lands of Mordor. Frodo and Sam are trekking to Mordor to destroy the One Ring of Power while Gimli, Legolas and Aragorn search for the orc-captured Merry and Pippin. All along, nefarious wizard Saruman awaits the Fellowship members at the Orthanc Tower in Isengard.",98.811,/5VTN0pR8gcqV3EPUHHfMGnJYN9L.jpg,2002-12-18,The Lord of the Rings: The Two Towers,False,8.399,21958,926287400
False,/5fu7fzy4NZTsL1Jap00UBIInAuB.jpg,"[12, 28, 878]",1893,en,Star Wars: Episode I - The Phantom Menace,"Anakin Skywalker, a young slave strong with the Force, is discovered on Tatooine. Meanwhile, the evil Sith have returned, enacting their plot for revenge against the Jedi.",46.763,/wFqsNrKru8xw1914kEx84yu651k.jpg,1999-05-19,Star Wars: Episode I - The Phantom Menace,False,6.6,14626,924317558
False,/79bJL9ydAMYVltuNTt4VhxORqIz.jpg,"[12, 878]",329,en,Jurassic Park,"A wealthy entrepreneur secretly creates a theme park featuring living dinosaurs drawn from prehistoric DNA. Before opening day, he invites a team of experts and his two eager grandchildren to experience the park and help calm anxious investors. However, the park is anything but amusing as the security systems go off-line and the dinosaurs escape.",43.726,/8nSi7W1pG1KgqHS9kp3EsGoeKtA.jpg,1993-06-11,Jurassic Park,False,7.951,16314,920100000
False,/dcvbs8z0GEXslC1kCT77x19XDeR.jpg,"[10402, 18]",424694,en,Bohemian Rhapsody,"Singer Freddie Mercury, guitarist Brian May, drummer Roger Taylor and bass guitarist John Deacon take the music world by storm when they form the rock 'n' roll band Queen in 1970. Hit songs become instant classics. When Mercury's increasingly wild lifestyle starts to spiral out of control, Queen soon faces its greatest challenge yet – finding a way to keep the band together amid the success and excess.",53.079,/lHu1wtNaczFPGFDTrjCSzeLPTKN.jpg,2018-10-24,Bohemian Rhapsody,False,7.983,16869,918355943
False,/dwNeWkccTWJCgfc6yqpkuH93nSu.jpg,"[18, 10752]",779029,zh,长津湖,"Korean War, winter 1950. In the frozen and snowy area of Changjin Lake, a bloody battle is about to begin between the elite troops of the United States and China.",20.918,/iXvAlIo4DPLBiraC2KLu4977Wo2.jpg,2021-09-30,The Battle at Lake Changjin,False,5.941,102,902540935
False,/5rrGVmRUuCKVbqUu41XIWTXJmNA.jpg,"[12, 14]",674,en,Harry Potter and the Goblet of Fire,"When Harry Potter's name emerges from the Goblet of Fire, he becomes a competitor in a grueling battle for glory among three wizarding schools—the Triwizard Tournament. But since Harry never submitted his name for the Tournament, who did? Now Harry must confront a deadly dragon, fierce water demons and an enchanted maze only to find himself in the cruel grasp of He Who Must Not Be Named.",180.897,/fECBtHlr0RB3foNHDiCBXeg9Bv9.jpg,2005-11-16,Harry Potter and the Goblet of Fire,False,7.807,20717,895921036
False,/w1oD1MzHjnBJc5snKupIQaSBLIh.jpg,"[28, 12, 878]",559,en,Spider-Man 3,"The seemingly invincible Spider-Man goes up against an all-new crop of villains—including the shape-shifting Sandman. While Spider-Man’s superpowers are altered by an alien organism, his alter ego, Peter Parker, deals with nemesis Eddie Brock and also gets caught up in a love triangle.",112.97,/qFmwhVUoUSXjkKRmca5yGDEXBIj.jpg,2007-05-01,Spider-Man 3,False,6.433,14127,894983373
False,/o0zPARvs47f0UhAJuUqdQsyQaji.jpg,"[16, 35, 10751, 12]",8355,en,Ice Age: Dawn of the Dinosaurs,"Times are changing for Manny the moody mammoth, Sid the motor mouthed sloth and Diego the crafty saber-toothed tiger. Life heats up for our heroes when they meet some new and none-too-friendly neighbors – the mighty dinosaurs.",68.691,/cXOLaxcNjNAYmEx1trZxOTKhK3Q.jpg,2009-06-26,Ice Age: Dawn of the Dinosaurs,False,6.8,8292,886686817
False,/8lBViysvNJBPkl6zG1LVAaW3qhj.jpg,"[28, 12, 53]",206647,en,Spectre,"A cryptic message from Bond’s past sends him on a trail to uncover a sinister organization. While M battles political forces to keep the secret service alive, Bond peels back the layers of deceit to reveal the terrible truth behind SPECTRE.",45.922,/aD8fQF2WFAvMMxmMHHj2RXz2hwP.jpg,2015-10-26,Spectre,False,6.551,10498,880707597
False,/tPpYGm2mVecue7Bk3gNVoSPA5qn.jpg,"[28, 12, 878, 18]",315635,en,Spider-Man: Homecoming,"Following the events of Captain America: Civil War, Peter Parker, with the help of his mentor Tony Stark, tries to balance his life as an ordinary high school student in Queens, New York City, with fighting crime as his superhero alter ego Spider-Man as a new threat, the Vulture, emerges.",122.697,/c24sv2weTHPsmDa7jEMN0m2P3RT.jpg,2017-07-05,Spider-Man: Homecoming,False,7.334,21815,880166924
False,/liiPM38H376CDqxJ7VeQjan5YUy.jpg,"[16, 35, 12, 10751]",57800,en,Ice Age: Continental Drift,"Manny, Diego, and Sid embark upon another adventure after their continent is set adrift. Using an iceberg as a ship, they encounter sea creatures and battle pirates as they explore a new world.",76.323,/dfp1BZF7FxbBUyzHvMOI9t8NWDD.jpg,2012-06-27,Ice Age: Continental Drift,False,6.4,7570,877244782
False,/yHzyPJrVqlTySQ9mc379yxrLBYQ.jpg,"[12, 14]",672,en,Harry Potter and the Chamber of Secrets,"Cars fly, trees fight back, and a mysterious house-elf comes to warn Harry Potter at the start of his second year at Hogwarts. Adventure and danger await when bloody writing on a wall announces: The Chamber Of Secrets Has Been Opened. To save Hogwarts will require all of Harry, Ron and Hermione’s magical abilities and courage.",221.886,/sdEOH0992YZ0QSxgXNIGLq1ToUi.jpg,2002-11-13,Harry Potter and the Chamber of Secrets,False,7.716,22022,876688482
False,/c1Ywtvlqls6tPBZ3BqbPtBwHyng.jpg,"[12, 35, 16, 10751]",328111,en,The Secret Life of Pets,"The quiet life of a terrier named Max is upended when his owner takes in Duke, a stray whom Max instantly dislikes.",15.762,/5f8rTQq42nQVGGes9SCV9AnD0II.jpg,2016-06-18,The Secret Life of Pets,False,6.3,8045,875457937
False,/5fX1oSGuYdKgwWmUTAN5MNSQGzr.jpg,"[28, 12, 14]",209112,en,Batman v Superman: Dawn of Justice,"Fearing the actions of a god-like Super Hero left unchecked, Gotham City’s own formidable, forceful vigilante takes on Metropolis’s most revered, modern-day savior, while the world wrestles with what sort of hero it really needs. And with Batman and Superman at war with one another, a new threat quickly arises, putting mankind in greater danger than it’s ever known before.",87.214,/5UsK3grJvtQrtzEgqNlDljJW96w.jpg,2016-03-23,Batman v Superman: Dawn of Justice,False,5.972,17971,874362803
False,/z51Wzj94hvAIsWfknifKTqKJRwp.jpg,"[12, 14, 28]",120,en,The Lord of the Rings: The Fellowship of the Ring,"Young hobbit Frodo Baggins, after inheriting a mysterious ring from his uncle Bilbo, must leave his home in order to keep it from falling into the hands of its evil creator. Along the way, a fellowship is formed to protect the ringbearer and make sure that the ring arrives at its final destination: Mt. Doom, the only place where it can be destroyed.",137.102,/6oom5QYQ2yQTMJIbnvbkBL9cHo6.jpg,2001-12-18,The Lord of the Rings: The Fellowship of the Ring,False,8.4,25296,871368364
False,/dpbjivY5OdZjAr1gmRZVCsEkYRC.jpg,"[10752, 28, 53]",452557,zh,战狼2,"China's deadliest special forces operative settles into a quiet life on the sea. When sadistic mercenaries begin targeting nearby civilians, he must leave his newfound peace behind and return to his duties as a soldier and protector.",17.753,/87aWrVqaVhXhblhO7sYHLC2y8TT.jpg,2017-07-27,Wolf Warrior 2,False,6.6,282,870322670
False,/48gojWXx1G2Bs0KFtXYfNJ2naDr.jpg,"[12, 28, 878]",101299,en,The Hunger Games: Catching Fire,"Katniss Everdeen has returned home safe after winning the 74th Annual Hunger Games along with fellow tribute Peeta Mellark. Winning means that they must turn around and leave their family and close friends, embarking on a ""Victor's Tour"" of the districts. Along the way Katniss senses that a rebellion is simmering, but the Capitol is still very much in control as President Snow prepares the 75th Annual Hunger Games (The Quarter Quell) - a competition that could change Panem forever.",78.51,/uFQbcR7h1stMlN1d3a7RmV0luLZ.jpg,2013-11-15,The Hunger Games: Catching Fire,False,7.428,17322,865011746
False,/aJn9XeesqsrSLKcHfHP4u5985hn.jpg,"[878, 12, 28]",283995,en,Guardians of the Galaxy Vol. 2,The Guardians must fight to keep their newfound family together as they unravel the mysteries of Peter Quill's true parentage.,72.816,/y4MBh0EjBlMuOzv9axM4qJlmhzz.jpg,2017-04-19,Guardians of the Galaxy Vol. 2,False,7.617,21584,863756051
False,/1GU0jS5ZG5MhfdDrpj8s9XxbgJJ.jpg,"[28, 12, 878]",505642,en,Black Panther: Wakanda Forever,"Queen Ramonda, Shuri, M’Baku, Okoye and the Dora Milaje fight to protect their nation from intervening world powers in the wake of King T’Challa’s death.  As the Wakandans strive to embrace their next chapter, the heroes must band together with the help of War Dog Nakia and Everett Ross and forge a new path for the kingdom of Wakanda.",110.569,/sv1xJUazXeYqALzczSZ3O6nkH75.jpg,2022-11-09,Black Panther: Wakanda Forever,False,7.088,6540,859102154
False,/j29ekbcLpBvxnGk6LjdTc2EI5SA.jpg,"[16, 10751, 12, 18, 35]",150540,en,Inside Out,"When 11-year-old Riley moves to a new city, her Emotions team up to help her through the transition. Joy, Fear, Anger, Disgust and Sadness work together, but when Joy and Sadness get lost, they must journey through unfamiliar places to get back home.",151.563,/2H1TmgdfNtsKlU9jKdeNyYL5y8T.jpg,2015-06-17,Inside Out,False,7.9,22028,857611174
False,/VuukZLgaCrho2Ar8Scl9HtV3yD.jpg,"[878, 28]",335983,en,Venom,"Investigative journalist Eddie Brock attempts a comeback following a scandal, but accidentally becomes the host of Venom, a violent, super powerful alien symbiote. Soon, he must rely on his newfound powers to protect the world from a shadowy organization looking for a symbiote of their own.",263.404,/2uNW4WbgBXL25BAbXGLnLqX71Sw.jpg,2018-09-28,Venom,False,6.833,16126,856085151
False,/6G2fLCVm9fiLyHvBrccq6GSe2ih.jpg,"[28, 12, 878]",284053,en,Thor: Ragnarok,"Thor is imprisoned on the other side of the universe and finds himself in a race against time to get back to Asgard to stop Ragnarok, the destruction of his home-world and the end of Asgardian civilization, at the hands of a powerful new threat, the ruthless Hela.",69.937,/rzRwTcFvttcN1ZpX2xv4j3tSdJu.jpg,2017-10-02,Thor: Ragnarok,False,7.589,20761,855301806
False,/5vDuLrjJXFS9PTF7Q1xzobmYKR9.jpg,"[12, 28, 878]",1895,en,Star Wars: Episode III - Revenge of the Sith,The evil Darth Sidious enacts his final plan for unlimited power -- and the heroic Jedi Anakin Skywalker must choose a side.,45.675,/xfSAoBEm9MNBjmlNcDYLvLSMlnq.jpg,2005-05-17,Star Wars: Episode III - Revenge of the Sith,False,7.4,13721,850000000
False,/5YZbUmjbMa3ClvSW1Wj3D6XGolb.jpg,"[878, 12, 28]",447365,en,Guardians of the Galaxy Vol. 3,"Peter Quill, still reeling from the loss of Gamora, must rally his team around him to defend the universe along with protecting one of their own. A mission that, if not completed successfully, could quite possibly lead to the end of the Guardians as we know them.",129.315,/r2J02Z2OpNTctfOSN1Ydgii51I3.jpg,2023-05-03,Guardians of the Galaxy Vol. 3,False,7.962,6931,845600000
False,/1BsGNqNhPcxyCsSRKvM4Qku1UJ0.jpg,"[878, 28, 12]",8373,en,Transformers: Revenge of the Fallen,"Sam Witwicky leaves the Autobots behind for a normal life. But when his mind is filled with cryptic symbols, the Decepticons target him and he is dragged back into the Transformers' war.",30.187,/pLBb0whOzVDtJvyD4DPeQyQNOqp.jpg,2009-06-19,Transformers: Revenge of the Fallen,False,6.2,8489,836303693
False,/qkl57wzSFrpi2sRpoc2mZJbMuLP.jpg,"[12, 14, 18, 10749]",50620,en,The Twilight Saga: Breaking Dawn - Part 2,"After the birth of Renesmee, the Cullens gather other vampire clans in order to protect the child from a false allegation that puts the family in front of the Volturi.",80.146,/7IGdPaKujv0BjI0Zd0m0a4CzEjJ.jpg,2012-11-13,The Twilight Saga: Breaking Dawn - Part 2,False,6.461,8874,829747654
False,/8ZTVqvKDQ8emSGUEMjsS4yHAwrp.jpg,"[28, 878, 12]",27205,en,Inception,"Cobb, a skilled thief who commits corporate espionage by infiltrating the subconscious of his targets is offered a chance to regain his old life as payment for a task considered to be impossible: ""inception"", the implantation of another person's idea into a target's subconscious.",120.427,/oYuLEt3zVCKq57qu2F8dT7NIa6f.jpg,2010-07-15,Inception,False,8.37,36701,825532764
False,/6iUNJZymJBMXXriQyFZfLAKnjO6.jpg,"[28, 12, 14]",297762,en,Wonder Woman,An Amazon princess comes to the world of Man in the grips of the First World War to confront the forces of evil and bring an end to human conflict.,64.855,/imekS7f1OuHyUP2LAiTEM0zBzUz.jpg,2017-05-30,Wonder Woman,False,7.222,19931,823970682
False,/cTD9U4QLJHEL75ee1NoqIIeBc1y.jpg,"[18, 35, 14]",758891,zh,你好，李焕英,"Devastated after her mom's serious accident and grief-stricken because she hasn't become the daughter she wanted to be for her mother, Jia Xiaoling finds herself transported back in time to the year 1981, where she meets her young mother before she was her mom.",12.52,/qvVEsknGNchhfhOOg69t4ITxBkb.jpg,2021-02-12,"Hi, Mom",False,7.058,146,822049668
False,/qJzloL8O9YHhiWBrhlPfKAtZu2I.jpg,"[28, 878]",557,en,Spider-Man,"After being bitten by a genetically altered spider at Oscorp, nerdy but endearing high school student Peter Parker is endowed with amazing powers to become the superhero known as Spider-Man.",141.804,/gh4cZbhZxyTbgxQPxD0dOudNPTn.jpg,2002-05-01,Spider-Man,False,7.303,19116,821708551
False,/uw4SnKFZ453Gxmj5XR5Susj8TNo.jpg,"[28, 12, 878]",602,en,Independence Day,"Strange phenomena surface around the globe. The skies ignite. Terror races through the world's major cities. As these extraordinary events unfold, it becomes increasingly clear that a force of incredible magnitude has arrived. Its mission: total annihilation over the Fourth of July weekend. The last hope to stop the destruction is an unlikely group of people united by fate and unimaginable circumstances.",46.004,/p0BPQGSPoSa8Ml0DAf2mB2kCU0R.jpg,1996-06-25,Independence Day,False,6.889,9560,817400891
